Rank,Player,Team,Pos,Best,Worst,Avg,Std Dev,ADP,vs. ADP,Drafted
1,Todd Gurley,LAR,RB1,1,5,1.7,1,1,0,
2,Le'Veon Bell,PIT,RB2,1,7,2.2,1.2,2,0,
3,David Johnson,ARI,RB3,1,8,3.8,1.5,4,1,
4,Ezekiel Elliott,DAL,RB4,1,11,4.2,1.8,3,-1,
5,Antonio Brown,PIT,WR1,1,9,4.3,1.4,5,0,
6,DeAndre Hopkins,HOU,WR2,3,16,7.5,2.3,8,2,X
7,Alvin Kamara,NO,RB5,2,19,7.7,3.2,6,-1,X
8,Odell Beckham Jr.,NYG,WR3,4,16,8.9,2.3,10,2,
9,Saquon Barkley,NYG,RB6,3,25,9.2,3.8,7,-2,
10,Julio Jones,ATL,WR4,4,19,10.6,2.4,13,3,
11,Michael Thomas,NO,WR5,6,23,12.7,3.1,15,4,
12,Kareem Hunt,KC,RB7,5,26,12.9,4.2,9,-3,
13,Melvin Gordon,LAC,RB8,7,22,13,3.8,11,-2,
14,Keenan Allen,LAC,WR6,9,25,14.4,3,16,2,
15,Leonard Fournette,JAC,RB9,6,42,15.5,6.5,12,-3,
16,Dalvin Cook,MIN,RB10,7,38,16.2,4.9,14,-2,
17,A.J. Green,CIN,WR7,11,22,16.2,2.3,19,2,
18,Davante Adams,GB,WR8,10,23,16.6,3,18,0,
19,Devonta Freeman,ATL,RB11,14,43,21.4,4.8,20,1,
20,Mike Evans,TB,WR9,13,38,22.3,4.9,22,2,
21,Christian McCaffrey,CAR,RB12,12,49,24,6.9,17,-4,
22,Rob Gronkowski,NE,TE1,15,59,24.5,7.3,21,-1,
23,Jerick McKinnon,SF,RB13,14,57,24.6,7.5,23,0,
24,Jordan Howard,CHI,RB14,17,46,26.9,5.2,24,0,
25,T.Y. Hilton,IND,WR10,14,64,27,7.4,28,3,
26,Adam Thielen,MIN,WR11,16,43,27.6,5.9,29,3,
27,Doug Baldwin,SEA,WR12,18,52,28.9,8.5,33,6,
28,Travis Kelce,KC,TE2,20,54,29.5,6.8,26,-2,
29,Joe Mixon,CIN,RB15,14,58,30.6,8,25,-4,
30,Stefon Diggs,MIN,WR13,17,57,31.2,7.1,32,2,
31,Larry Fitzgerald,ARI,WR14,17,53,31.8,7.3,35,4,
32,Tyreek Hill,KC,WR15,19,60,33.4,7.8,31,-1,
33,Amari Cooper,OAK,WR16,21,62,36.6,8.5,37,4,
34,Demaryius Thomas,DEN,WR17,20,65,37.9,7.9,41,7,
35,LeSean McCoy,BUF,RB16,15,102,39.2,18.7,27,-8,
36,Zach Ertz,PHI,TE3,16,63,39.2,10.1,34,-2,
37,Allen Robinson,CHI,WR18,23,79,40.5,10.5,40,3,
38,Alex Collins,BAL,RB17,24,74,40.7,9.4,45,7,
39,Aaron Rodgers,GB,QB1,26,209,42.4,31.8,30,-9,
40,Golden Tate,DET,WR19,26,61,42.3,6.4,44,4,
41,Alshon Jeffery,PHI,WR20,24,70,43,9.3,52,11,
42,Kenyan Drake,MIA,RB18,23,92,43.2,12.4,38,-4,
43,Derrius Guice,WAS,RB19,24,69,43.5,11,36,-7,
44,JuJu Smith-Schuster,PIT,WR21,32,77,47.8,9.4,47,3,
45,Jay Ajayi,PHI,RB20,17,82,48.3,11.9,48,3,
46,Marvin Jones,DET,WR22,25,77,51.4,10.5,58,12,
47,Jarvis Landry,CLE,WR23,31,90,52,12.7,43,-4,
48,Brandin Cooks,LAR,WR24,21,95,52.1,14.1,42,-6,
49,Josh Gordon,CLE,WR25,19,115,52.4,18.8,50,1,
50,Derrick Henry,TEN,RB21,27,97,54.1,15.6,39,-11,
51,Lamar Miller,HOU,RB22,29,103,54.9,13.9,57,6,
52,Russell Wilson,SEA,QB2,29,81,48.8,9.7,53,1,
53,Dion Lewis,TEN,RB23,37,89,57.3,10.8,61,8,
54,Mark Ingram,NO,RB24,25,96,58.6,15.7,55,1,
55,Tom Brady,NE,QB3,35,78,53,9.2,54,-1,
56,Rashaad Penny,SEA,RB25,24,127,60.6,19.1,49,-7,
57,Michael Crabtree,BAL,WR26,38,113,63,13.7,67,10,
58,Royce Freeman,DEN,RB26,33,107,63.4,17.7,56,-2,
59,Greg Olsen,CAR,TE4,43,109,63.6,11.4,62,3,
60,Cam Newton,CAR,QB4,36,82,57.7,11,66,6,
61,Corey Davis,TEN,WR27,39,126,65,15.7,64,3,
62,Deshaun Watson,HOU,QB5,31,87,59.8,12.2,46,-16,
63,Sammy Watkins,KC,WR28,37,118,67.3,16.1,69,6,
64,Chris Hogan,NE,WR29,40,103,67.4,16.6,68,4,
65,Evan Engram,NYG,TE5,22,102,69.3,14.4,63,-2,
66,Ronald Jones II,TB,RB27,34,185,69.9,23.3,51,-15,
67,Pierre Garcon,SF,WR30,41,102,71.3,12.7,83,16,
68,Emmanuel Sanders,DEN,WR31,46,129,72.1,17.7,77,9,
69,Jimmy Graham,GB,TE6,39,126,73.6,16.8,59,-10,
70,Sony Michel,NE,RB28,32,161,74.3,24,60,-10,
71,Drew Brees,NO,QB6,37,108,68.8,14.1,75,4,
72,Robert Woods,LAR,WR32,51,138,75.8,15,82,10,
73,Rex Burkhead,NE,RB29,36,136,75.9,22.2,80,7,
74,Delanie Walker,TEN,TE7,37,127,76.2,14.5,72,-2,
75,Tevin Coleman,ATL,RB30,33,123,77.5,16.7,70,-5,
76,Carson Wentz,PHI,QB7,43,151,71.1,16,65,-11,
77,Devin Funchess,CAR,WR33,47,131,78,14.1,78,1,
78,Robby Anderson,NYJ,WR34,40,130,79.8,17.6,96,18,
79,Marshawn Lynch,OAK,RB31,51,160,80.5,19.9,79,0,
80,Jamison Crowder,WAS,WR35,44,145,81.1,18,85,5,
81,Kyle Rudolph,MIN,TE8,45,123,81.3,13.8,73,-8,
82,Kirk Cousins,MIN,QB8,44,116,76.4,15.5,89,7,
83,Cooper Kupp,LAR,WR36,59,109,83.4,9.7,95,12,
84,Randall Cobb,GB,WR37,43,194,84.8,24.4,92,8,
85,Marlon Mack,IND,RB32,41,147,90.6,20,84,-1,
86,Devante Parker,MIA,WR38,52,175,91.2,21.2,93,7,
87,Matthew Stafford,DET,QB9,58,140,86.1,15.3,101,14,
88,Marquise Goodwin,SF,WR39,48,135,92.8,18.4,94,6,
89,Duke Johnson,CLE,RB33,45,143,93.8,22,88,-1,
90,Will Fuller,HOU,WR40,63,140,94.7,16.9,71,-19,
91,Kerryon Johnson,DET,RB34,28,143,94.1,24,81,-10,
92,Isaiah Crowell,NYJ,RB35,53,139,96.5,19,87,-5,
93,Trey Burton,CHI,TE9,61,145,97.1,16.9,99,6,
94,Julian Edelman,NE,WR41,48,185,97.5,25.3,74,-20,
95,Tarik Cohen,CHI,RB36,53,180,98.9,20.7,76,-19,
96,Andrew Luck,IND,QB10,48,173,94.1,25.1,90,-6,
97,Chris Thompson,WAS,RB37,47,237,98.6,28.2,117,20,
98,Sterling Shepard,NYG,WR42,70,164,99.9,15.4,104,6,
99,Jordy Nelson,OAK,WR43,53,156,101.1,18.8,98,-1,
100,Jordan Reed,WAS,TE10,69,186,101.2,17.8,86,-14,
101,Ben Roethlisberger,PIT,QB11,63,126,96.1,15.6,103,2,
102,C.J. Anderson,CAR,RB38,47,175,102.8,23.7,109,7,
103,Jamaal Williams,GB,RB39,67,151,99.9,19.6,97,-6,
104,Carlos Hyde,CLE,RB40,58,186,104.7,23.2,91,-13,
105,Nelson Agholor,PHI,WR44,57,156,104.8,16.6,105,0,
106,Philip Rivers,LAC,QB12,61,144,101.1,16.7,111,5,
107,Kelvin Benjamin,BUF,WR45,72,191,107,18.3,108,1,
108,Jimmy Garoppolo,SF,QB13,59,147,102.2,19.1,100,-8,
109,Kenny Stills,MIA,WR46,52,189,107.1,24.2,120,11,
110,George Kittle,SF,TE11,73,160,114.1,19.5,118,8,
111,Jack Doyle,IND,TE12,73,241,116.9,26.1,112,1,
112,Matt Ryan,ATL,QB14,71,141,111.9,16.9,106,-6,
113,Rishard Matthews,TEN,WR47,83,181,113.7,19.2,146,33,
114,Marqise Lee,JAC,WR48,83,236,116.1,27.6,125,11,
115,Allen Hurns,DAL,WR49,54,231,117.4,30.8,115,0,
116,Jared Goff,LAR,QB15,76,154,116.3,16.9,110,-6,
117,Patrick Mahomes,KC,QB16,64,204,117.3,22.9,114,-3,
118,Marcus Mariota,TEN,QB17,70,187,118,21.6,123,5,
119,Ty Montgomery,GB,RB41,65,197,125.8,26.2,116,-3,
120,David Njoku,CLE,TE13,91,167,127.9,17.5,130,10,
121,Nick Chubb,CLE,RB42,72,215,128.4,25.6,102,-19,
122,Aaron Jones,GB,RB43,61,219,127.6,28.9,113,-9,
123,Giovani Bernard,CIN,RB44,89,194,127.6,22.2,134,11,
124,Alex Smith,WAS,QB18,66,170,128.9,19.7,126,2,
125,Josh Doctson,WAS,WR50,91,228,132,25.1,144,19,
126,Kenny Golladay,DET,WR51,94,212,133.9,26.3,147,21,
127,Dak Prescott,DAL,QB19,83,190,132.7,17.4,131,4,
128,Devontae Booker,DEN,RB45,87,223,134.6,28.5,132,4,
129,Cameron Meredith,NO,WR52,90,212,136.9,29.7,136,7,
130,O.J. Howard,TB,TE14,95,214,139.8,24.7,149,19,
131,DeSean Jackson,TB,WR53,94,223,136.5,27.4,165,34,
132,D.J. Moore,CAR,WR54,79,245,141.8,34.8,119,-13,
133,Theo Riddick,DET,RB46,97,210,139.5,19.4,148,15,
134,Tyler Eifert,CIN,TE15,107,231,141.2,21.7,140,6,
135,James White,NE,RB47,86,206,138.9,22.4,145,10,
136,Bilal Powell,NYJ,RB48,83,214,139.6,29.6,173,37,
137,Tyler Lockett,SEA,WR55,85,236,142.5,33.5,163,26,
138,Charles Clay,BUF,TE16,105,208,145.8,21.8,172,34,
139,Chris Carson,SEA,RB49,75,257,148.2,37.2,124,-15,
140,Jacksonville Jaguars,,DST1,113,344,146.2,33,107,-33,
141,Mohamed Sanu,ATL,WR56,92,242,143.2,28.8,171,30,
142,Eric Ebron,IND,TE17,62,201,146.6,24.9,177,35,
143,Cameron Brate,TB,TE18,95,267,149,26.4,169,26,
144,Corey Clement,PHI,RB50,97,199,147.1,24.3,137,-7,
145,Minnesota Vikings,,DST2,125,363,152.5,34.3,129,-16,
146,Blake Bortles,JAC,QB20,81,212,152.3,25.1,174,28,
147,Mitch Trubisky,CHI,QB21,77,211,154.5,21.9,156,9,
148,Derek Carr,OAK,QB22,88,226,155.2,22.8,127,-21,
149,Dez Bryant,FA,WR57,47,215,136.6,45.7,142,-7,
150,Anthony Miller,CHI,WR58,90,237,147.3,33.6,157,7,
151,Jared Cook,OAK,TE19,102,195,152.7,22.1,176,25,
152,Calvin Ridley,ATL,WR59,90,215,153.1,28.4,122,-30,
153,Mike Williams,LAC,WR60,90,228,155.5,35.9,141,-12,
154,Philadelphia Eagles,,DST3,131,365,159.2,32.8,133,-21,
155,Paul Richardson,WAS,WR61,99,248,152.3,31,167,12,
156,D'Onta Foreman,HOU,RB51,71,249,157.3,33,138,-18,
157,Nyheim Hines,IND,RB52,86,244,152,35,139,-18,
158,Eli Manning,NYG,QB23,90,215,160.1,24.2,159,1,
159,Los Angeles Rams,,DST4,121,373,161.7,35,121,-38,
160,Latavius Murray,MIN,RB53,94,209,158.4,25.3,158,-2,
161,Matt Breida,SF,RB54,107,225,159.4,27.8,160,-1,
162,Austin Seferian-Jenkins,JAC,TE20,103,253,165.2,30.9,161,-1,
163,Tyrell Williams,LAC,WR62,96,245,163.2,41.8,185,22,
164,Los Angeles Chargers,,DST5,134,367,166.2,32.6,153,-11,
165,Ted Ginn,NO,WR63,83,231,161.9,29.8,203,38,
166,Case Keenum,DEN,QB24,89,213,165.7,24.7,181,15,
167,Houston Texans,,DST6,136,388,169,34.1,151,-16,
168,Denver Broncos,,DST7,138,386,170.2,34.9,164,-4,
169,Dede Westbrook,JAC,WR64,87,247,165.2,37.3,178,9,
170,LeGarrette Blount,DET,RB55,108,249,167.8,30.1,155,-15,
171,Doug Martin,OAK,RB56,103,212,164.3,30.7,150,-21,
172,Jameis Winston,TB,QB25,98,238,171.1,31.9,166,-6,
173,Martavis Bryant,OAK,WR65,111,255,167.2,30.6,154,-19,
174,Ricky Seals-Jones,ARI,TE21,107,235,172.1,29.5,207,33,
175,Andy Dalton,CIN,QB26,95,254,172.6,27.7,184,9,
176,Peyton Barber,TB,RB57,114,245,171.8,31.4,188,12,
177,Frank Gore,MIA,RB58,110,228,169.3,25,205,28,
178,Chris Godwin,TB,WR66,74,234,174.3,34.2,179,1,
179,Michael Gallup,DAL,WR67,118,247,170.1,28.4,152,-27,
180,Benjamin Watson,NO,TE22,109,232,171.6,27.8,191,11,
181,Stephen Gostkowski,NE,K1,128,274,173.4,23.6,135,-46,
182,Baltimore Ravens,,DST8,140,375,177.5,33,162,-20,
183,Justin Tucker,BAL,K2,143,247,178.4,19.6,143,-40,
184,Greg Zuerlein,LAR,K3,141,242,177.6,17.7,128,-56,
185,Austin Hooper,ATL,TE23,127,276,182.3,28.4,212,27,
186,Chris Ivory,BUF,RB59,107,268,177.5,35.5,221,35,
187,Donte Moncrief,JAC,WR68,82,246,183.5,37.9,231,44,
188,Kenneth Dixon,BAL,RB60,112,232,177.3,29.9,216,28,
189,Vance McDonald,PIT,TE24,117,294,184,32.7,183,-6,
190,Tyrod Taylor,CLE,QB27,109,253,185.5,31.3,215,25,
191,Ryan Tannehill,MIA,QB28,91,251,187.9,28.1,218,27,
192,Mike Gesicki,MIA,TE25,121,274,180.9,33.2,168,-24,
193,Austin Ekeler,LAC,RB61,108,267,185.1,34,192,-1,
194,Quincy Enunwa,NYJ,WR69,105,249,187.9,35,251,57,
195,Jordan Wilkins,IND,RB62,109,300,180.8,42.3,175,-20,
196,New Orleans Saints,,DST9,146,404,189.5,34.6,186,-10,
197,Matt Bryant,ATL,K4,146,256,186.1,22.2,198,1,
198,T.J. Yeldon,JAC,RB63,115,250,178.8,29.9,210,12,
199,Danny Amendola,MIA,WR70,114,257,189.6,35.3,187,-12,
200,John Brown,BAL,WR71,121,254,190.9,31.5,256,56,
201,Mike Wallace,PHI,WR72,139,249,188.5,27.1,273,72,
202,Christian Kirk,ARI,WR73,95,250,187,32.5,182,-20,
203,Jordan Matthews,FA,WR74,109,350,181.6,48,219,16,
204,Seattle Seahawks,,DST10,136,410,196.5,42.9,253,49,
205,Corey Coleman,BUF,WR75,103,274,197.8,41.7,252,47,
206,New England Patriots,,DST11,139,401,192.9,34.5,189,-17,
207,Keelan Cole,JAC,WR76,119,246,187.3,29.2,190,-17,
208,Spencer Ware,KC,RB64,109,259,190.2,34.1,214,6,
209,John Ross,CIN,WR77,113,263,188.8,42.2,199,-10,
210,Jermaine Kearse,NYJ,WR78,113,288,196.1,35.6,276,66,
211,Darren Sproles,PHI,RB65,134,242,185.6,25.4,261,50,
212,Wil Lutz,NO,K5,152,240,193.5,19.2,193,-19,
213,Pittsburgh Steelers,,DST12,157,387,198.7,32.9,206,-7,
214,Terrance Williams,DAL,WR79,119,258,200.1,37.5,275,61,
215,Carolina Panthers,,DST13,160,391,197.6,32.4,217,2,
216,Cole Beasley,DAL,WR80,117,281,199.6,37.6,232,16,
217,Samaje Perine,WAS,RB66,107,342,193.6,42.1,224,7,
218,Kansas City Chiefs,,DST14,151,418,206.9,39.6,245,27,
219,Geronimo Allison,GB,WR81,128,344,198.2,34,200,-19,
220,Albert Wilson,MIA,WR82,141,259,202.6,32.1,260,40,
221,Jake Elliott,PHI,K6,164,257,201.4,22.8,204,-17,
222,Javorius Allen,BAL,RB67,95,255,195.4,32,222,0,
223,Hayden Hurst,BAL,TE26,120,274,195,33.8,170,-53,
224,Ryan Grant,IND,WR83,121,272,204.6,36,303,79,
225,Matt Prater,DET,K7,163,250,201.7,20.3,233,8,
226,Terrelle Pryor,NYJ,WR84,128,256,204.7,32.6,238,12,
227,Brandon Marshall,SEA,WR85,134,270,203.2,37.4,289,62,
228,Dan Bailey,DAL,K8,151,278,205,27.1,213,-15,
229,Chicago Bears,,DST15,164,412,209.2,35.8,247,18,
230,Wayne Gallman,NYG,RB68,129,322,207.2,42.6,332,102,
231,Chris Boswell,PIT,K9,159,261,207.6,22,195,-36,
232,Luke Willson,DET,TE27,136,257,200.2,32.2,287,55,
233,Atlanta Falcons,,DST16,166,415,214.6,37,220,-13,
234,Arizona Cardinals,,DST17,158,433,213.6,40.9,229,-5,
235,Courtland Sutton,DEN,WR86,122,278,215.2,33.7,196,-39,
236,Harrison Butker,KC,K10,165,245,208.3,21.4,209,-27,
237,Taywan Taylor,TEN,WR87,127,264,205.6,30.9,268,31,
238,James Washington,PIT,WR88,124,271,212.6,30.9,225,-13,
239,Kalen Ballage,MIA,RB69,152,319,216.7,43.2,194,-45,
240,Eric Decker,NE,WR89,123,290,208.4,44,180,-60,
241,Tyler Kroft,CIN,TE28,75,276,208.6,58.4,302,61,
242,Sam Bradford,ARI,QB29,150,569,222.5,67.8,264,22,
243,Mason Crosby,GB,K11,166,259,212,21.6,226,-17,
244,C.J. Prosise,SEA,RB70,155,337,219.8,46.2,281,37,
245,Ameer Abdullah,DET,RB71,133,362,216.2,49.5,280,35,
246,Jonathan Stewart,NYG,RB72,148,282,209.3,27.8,265,19,
247,Joe Flacco,BAL,QB30,158,279,212.4,24,249,2,
248,Dante Pettis,SF,WR90,153,264,215.5,28.6,234,-14,
249,Brandon LaFell,FA,WR91,148,252,199.1,38.6,354,105,
250,Zay Jones,BUF,WR92,174,262,216.4,25.9,290,40,
251,Robbie Gould,SF,K12,166,254,213.9,23.1,230,-21,
252,Dallas Goedert,PHI,TE29,81,309,223.7,59.3,274,22,
253,Antonio Gates,FA,TE30,159,194,171.8,14.4,297,44,
254,Elijah McGuire,NYJ,RB73,163,295,219.8,35.6,254,0,
255,Brice Butler,ARI,WR93,137,298,227.1,40.8,357,102,
256,Gerald Everett,LAR,TE31,155,260,218.6,29.7,284,28,
257,Willie Snead,BAL,WR94,157,262,220.4,28.8,291,34,
258,Kai Forbath,MIN,K13,158,287,215.7,32.3,272,14,
259,Vernon Davis,WAS,TE32,176,275,217.7,25.8,288,29,
260,Brandon McManus,DEN,K14,161,279,220.6,29.2,301,41,
261,New York Giants,,DST18,171,456,228.1,50.4,295,34,
262,Jake Butt,DEN,TE33,158,285,223.2,32.9,250,-12,
263,Tyler Higbee,LAR,TE34,102,303,233,77.5,372,109,
264,Blake Jarwin,DAL,TE35,103,349,238.8,75.2,310,46,
265,Green Bay Packers,,DST19,168,295,226.8,27.7,285,20,
266,Curtis Samuel,CAR,WR95,154,291,228.3,47.7,343,77,
267,Chester Rogers,IND,WR96,128,289,217.1,36.9,308,41,
268,Josh McCown,NYJ,QB31,163,570,237.2,76.2,319,51,
269,Tennessee Titans,,DST20,182,251,216.2,23,227,-42,
270,J.J. Nelson,ARI,WR97,178,263,224.1,26.9,361,91,
271,John Kelly,LAR,RB74,162,371,241.4,54,277,6,
272,Rod Smith,DAL,RB75,161,327,236.2,42.9,317,45,
273,James Conner,PIT,RB76,175,332,230.2,44.4,259,-14,
274,Travis Benjamin,LAC,WR98,170,305,220,34.7,300,26,
275,Cincinnati Bengals,,DST21,182,278,229.2,25.6,328,53,
276,Graham Gano,CAR,K15,177,293,221.2,22.3,239,-37,
277,Chase Edmonds,ARI,RB77,172,310,229.4,31.5,255,-22,
278,Ed Dickson,SEA,TE36,171,258,220.2,22.5,298,20,
279,Jesse James,PIT,TE37,155,277,231.1,39.3,348,69,
280,Trent Taylor,SF,WR99,160,262,221.3,23.5,309,29,
281,Steven Hauschka,BUF,K16,167,280,220.8,40.5,320,39,
282,Ka'imi Fairbairn,HOU,K17,170,267,215,28.8,246,-36,
283,Cairo Santos,NYJ,K18,169,297,236.1,35.8,243,-40,
284,Stephen Anderson,HOU,TE38,161,314,237.4,49.9,330,46,
285,Ryan Succop,TEN,K19,181,338,222.6,34.4,241,-44,
286,Keke Coutee,HOU,WR100,161,362,250,54.6,278,-8,
287,Jeremy Hill,NE,RB78,163,392,248.7,56.3,263,-24,
288,Jeremy Maclin,FA,WR101,166,248,212.2,28.3,271,-17,
289,Tavon Austin,DAL,WR102,184,340,238.8,42.2,266,-23,
290,Tre'Quan Smith,NO,WR103,166,374,264.2,74.7,267,-23,
291,Adam Shaheen,CHI,TE39,179,308,231.8,34.7,331,40,
292,Mark Walton,CIN,RB79,170,416,262,85.7,334,42,
293,Adam Vinatieri,IND,K20,181,280,221.5,21.9,237,-56,
294,Adam Humphries,TB,WR104,170,284,241.7,36.6,377,83,
295,Richie James,SF,WR105,171,514,342.5,171.5,410,115,
296,Josh Lambo,JAC,K21,187,298,220.7,32.9,257,-39,
297,Jaylen Samuels,PIT,TE40,175,436,289.8,97.2,258,-39,
298,Detroit Lions,,DST22,187,285,233.2,34.8,223,-75,
299,Kevin White,CHI,WR106,178,359,260.4,64.2,315,16,
300,Buffalo Bills,,DST23,181,324,240.5,37.4,312,12,
301,Alfred Blue,HOU,RB80,178,449,298,106.1,404,103,
302,Teddy Bridgewater,NYJ,QB32,178,575,307.3,156.7,341,39,
303,Robert Turbin,IND,RB81,179,432,281.8,83.9,384,81,
304,Mike Davis,SEA,RB82,187,413,259.9,75.2,,,
305,Lamar Jackson,BAL,QB33,181,574,255.7,102.9,201,-104,
306,Deon Cain,IND,WR107,191,368,256,76.7,270,-36,
307,Taylor Gabriel,CHI,WR108,185,273,236.9,23.1,299,-8,
308,Corey Grant,JAC,RB83,194,313,234.6,31.9,311,3,
309,De'Angelo Henderson,DEN,RB84,185,304,247.1,35.3,346,37,
310,Phillip Dorsett,NE,WR109,185,423,304,119,242,-68,
311,Garrett Celek,SF,TE41,186,297,247,41.3,382,71,
312,Chad Williams,ARI,WR110,188,295,245.9,31.3,345,33,
313,Dallas Cowboys,,DST24,189,327,256.9,41,202,-111,
314,Baker Mayfield,CLE,QB34,191,571,259.8,85.7,197,-117,
315,Jeremy Kerley,BUF,WR111,193,292,254.2,34.3,,,
316,Kenny Britt,NE,WR112,193,381,265.1,48.3,344,28,
317,Tampa Bay Buccaneers,,DST25,194,441,252.6,68.3,324,7,
318,San Francisco 49ers,,DST26,194,304,265,37.3,279,-39,
319,Jakeem Grant,MIA,WR113,194,381,265.7,66.5,,,
320,Daniel Carlson,MIN,K22,196,216,208,7.3,235,-85,
321,Rico Gathers,DAL,TE42,196,326,251.3,43,339,18,
322,Washington,,DST27,196,339,259.2,45.2,240,-82,
323,Charles Sims,TB,RB85,197,348,260.2,38.7,356,33,
324,Nick Vannett,SEA,TE43,199,299,238.8,30.9,353,29,
325,Jalen Richard,OAK,RB86,199,285,239.5,27.1,388,63,
326,Josh Hill,NO,TE44,199,346,246.7,47.7,,,
327,Antonio Callaway,CLE,WR114,199,364,260.2,67.6,269,-58,
328,Josh Rosen,ARI,QB35,199,566,264.6,101.7,208,-120,
329,Cody Latimer,NYG,WR115,200,377,301,74.4,401,72,
330,Phil Dawson,ARI,K23,201,246,223.5,22.5,352,22,
331,Ryan Griffin,HOU,TE45,205,247,224.8,14.5,313,-18,
332,C.J. Fiedorowicz,FA,TE46,205,247,226,21,,,
333,Malcolm Mitchell,FA,WR116,218,244,231,13,338,5,
334,Blair Walsh,FA,K24,212,240,231.4,10,,,
335,Orleans Darkwa,FA,RB87,206,265,233.7,24.2,335,0,
336,Terrance West,NO,RB88,217,247,234.5,9.7,400,64,
337,Virgil Green,LAC,TE47,202,268,235.7,17.6,305,-32,
338,Dustin Hopkins,WAS,K25,233,239,236,3,373,35,
339,Caleb Sturgis,LAC,K26,206,363,240.1,50.8,,,
340,Jaron Brown,SEA,WR117,205,294,240.4,26,358,18,
341,Phillip Lindsay,DEN,RB89,220,263,241.5,21.5,416,75,
342,Kyle Juszczyk,SF,RB90,204,283,241.8,27,,,
343,J'Mon Moore,GB,WR118,205,282,246.5,23.4,304,-39,
344,Torrey Smith,CAR,WR119,214,264,248,13.9,236,-108,
345,Kendall Wright,MIN,WR120,221,283,249.9,21.5,386,41,
346,DeAndre Washington,OAK,RB91,209,318,250.4,27,367,21,
347,DaeSean Hamilton,DEN,WR121,215,312,253.8,35.8,292,-55,
348,Justin Jackson,LAC,RB92,203,414,254.5,55,321,-27,
349,Shane Vereen,NO,RB93,253,264,258.5,5.5,282,-67,
350,Tyler Boyd,CIN,WR122,211,312,260,47.2,336,-14,
351,Adrian Peterson,FA,RB94,216,315,261,35.6,340,-11,
352,Mike Gillislee,NE,RB95,211,439,262.8,69.1,366,14,
353,Thomas Rawls,NYJ,RB96,205,390,263.9,56.4,419,66,
354,Jamaal Charles,FA,RB97,260,269,264.5,4.5,,,
355,Joe Williams,SF,RB98,206,422,266.2,58.9,307,-48,
356,Jonnu Smith,TEN,TE48,251,286,266.7,14.5,294,-62,
357,Sam Darnold,NYJ,QB36,203,568,267.4,101,211,-146,
358,Jacquizz Rodgers,TB,RB99,202,405,268.6,69,349,-9,
359,Josh Allen,BUF,QB37,213,507,272.6,96.4,228,-131,
360,Travaris Cadet,BUF,RB100,244,296,273,21.6,376,16,
361,Clive Walford,NYJ,TE49,250,297,273.5,23.5,,,
362,Mark Andrews,BAL,TE50,215,319,274.8,44.8,286,-76,
363,D.J. Chark,JAC,WR123,227,314,278.2,31,262,-101,
364,Oakland Raiders,,DST28,216,348,279.2,42.1,,,
365,Jordan Akins,HOU,TE51,204,361,282.5,78.5,383,18,
366,New York Jets,,DST29,228,395,283.2,56.9,,,
367,Cordarrelle Patterson,NE,WR124,213,337,285,50.7,347,-20,
368,Michael Roberts,DET,TE52,235,340,287.3,42.9,387,19,
369,AJ McCarron,BUF,QB38,216,572,288.5,127.3,342,-27,
370,Charcandrick West,KC,RB101,259,345,291.3,38.2,,,
371,Carlos Henderson,DEN,WR125,214,360,293.5,53.2,403,32,
372,Amara Darboh,SEA,WR126,212,371,294,63.8,393,21,
373,Laquon Treadwell,MIN,WR127,278,310,294,16,337,-36,
374,Seth Roberts,OAK,WR128,281,307,294,13,371,-3,
375,Cleveland Browns,,DST30,218,349,294.4,43.9,306,-69,
376,Nick O'Leary,BUF,TE53,271,325,294.7,22.5,,,
377,Jermaine Gresham,ARI,TE54,257,354,300,40.4,,,
378,Chris Conley,KC,WR129,299,301,300,1,413,35,
379,Bruce Ellington,HOU,WR130,298,309,303.5,5.5,,,
380,Equanimeous St. Brown,GB,WR131,213,430,304.3,91.9,327,-53,
381,Miami Dolphins,,DST31,268,370,304.5,39,,,
382,Chandler Catanzaro,TB,K27,223,388,305.5,82.5,,,
383,Boston Scott,NO,RB102,225,445,307,98.2,359,-24,
384,Seth DeValve,CLE,TE55,301,317,309,8,,,
385,Braxton Miller,HOU,WR132,300,323,311.5,11.5,,,
386,Ito Smith,ATL,RB103,219,447,313.8,87.9,316,-70,
387,Andre Holmes,BUF,WR133,244,352,314.3,49.8,,,
388,Roger Lewis,NYG,WR134,252,386,314.3,55.1,420,32,
389,Demetrius Harris,KC,TE56,308,322,315,7,,,
390,Mack Hollins,PHI,WR135,243,373,315.3,54.1,362,-28,
391,Bo Scarbrough,DAL,RB104,218,434,315.5,77.6,296,-95,
392,Chris Moore,BAL,WR136,264,382,319,48.5,,,
393,Akrum Wadley,TEN,RB105,300,346,323,23,415,22,
394,Geoff Swaim,DAL,TE57,265,389,328.3,50.7,333,-61,
395,Jonathan Williams,NO,RB106,223,462,336,98,,,
396,Brandon Coleman,FA,WR137,324,353,338.5,14.5,,,
397,Kendrick Bourne,SF,WR138,233,398,340.3,76,418,21,
398,Niles Paul,JAC,TE58,328,353,340.5,12.5,,,
399,Jeff Heuerman,DEN,TE59,293,389,341,48,326,-73,
400,Lance Kendricks,GB,TE60,315,369,342,27,,,
401,Braedon Bowman,LAC,TE61,260,426,343,83,,,
402,Rhett Ellison,NYG,TE62,325,361,343,18,,,
403,Tyler Ervin,HOU,RB107,245,444,344.5,99.5,,,
404,Wendell Smallwood,PHI,RB108,252,446,347.7,79.2,,,
405,Josh Reynolds,LAR,WR139,336,367,351.5,15.5,412,7,
406,Erik Swoope,IND,TE63,335,370,352.5,17.5,,,
407,Demarcus Robinson,KC,WR140,329,379,354,25,,,
408,Chris Herndon IV,NYJ,TE64,331,378,354.5,23.5,407,-1,
409,Ryan Fitzpatrick,TB,QB39,226,573,358.3,153.2,351,-58,
410,Damien Williams,KC,RB109,273,460,358.3,77.2,,,
411,Justin Hardy,ATL,WR141,320,397,358.5,38.5,,,
412,Deonte Thompson,DAL,WR142,333,392,362.5,29.5,363,-49,
413,Cameron Artis-Payne,CAR,RB110,320,421,370.5,50.5,323,-90,
414,Breshad Perriman,BAL,WR143,352,400,376,24,,,
415,Benny Cunningham,CHI,RB111,332,427,379.5,47.5,,,
416,ArDarius Stewart,NYJ,WR144,384,397,390.5,6.5,,,
417,Indianapolis Colts,,DST32,287,502,397.3,87.9,,,
418,Tajae Sharpe,TEN,WR145,394,406,400,6,,,
419,J.D. McKissic,SEA,RB112,351,461,406,55,391,-28,
420,D.J. Foster,ARI,RB113,356,458,407,51,,,
421,Nick Foles,PHI,QB40,239,576,407.5,168.5,293,-128,
422,Tommy Bohanon,JAC,RB114,358,459,408.5,50.5,,,
423,Aaron Ripkowski,GB,RB115,355,474,414.5,59.5,,,
424,Patrick DiMarco,BUF,RB116,365,488,426.5,61.5,,,
425,Kerwynn Williams,KC,RB117,366,505,435.5,69.5,368,-57,
426,Marcus Murphy,BUF,RB118,380,498,439,59,,,
427,James Develin,NE,RB119,372,512,442,70,,,
428,Derek Watt,LAC,RB120,375,517,446,71,,,
429,Kapri Bibbs,WAS,RB121,357,547,452,95,248,-181,
430,Damiere Byrd,CAR,WR146,383,522,452.5,69.5,,,
431,Anthony Sherman,KC,RB122,398,508,453,55,,,
432,David Fluellen,TEN,RB123,396,529,462.5,66.5,,,
433,Devante Mays,GB,RB124,385,543,464,79,,,
434,Justin Davis,LAR,RB125,376,555,465.5,89.5,,,
435,Senorise Perry,MIA,RB126,393,540,466.5,73.5,,,
436,CJ Ham,MIN,RB127,401,535,468,67,,,
437,Brandon Bolden,NE,RB128,402,563,482.5,80.5,,,